movieId,score
1,3.911868554
2,3.427321636
3,3.259769906
4,2.628734482
5,3.082448939
6,3.926546141
7,3.189251664
8,2.980667711
9,3.146702359
10,3.491017369
11,3.654621162
12,2.535788401
13,3.162485893
14,3.751778325
15,3.049209052
16,3.903380527
17,3.754104926
18,3.642928036
19,2.744915877
20,2.627074712
21,3.486818965
22,3.225316534
23,3.146702359
24,3.138301446
25,3.611232213
26,3.455459052
27,3.315612069
28,4.02052463
29,3.958227923
31,3.18993524
32,3.971040805
34,3.643414846
36,3.811247783
38,2.612477832
39,3.292405092
41,3.627074712
42,3.078734482
43,3.207940439
44,2.587496833
45,3.308209852
46,3.099296935
47,3.964987111
48,3.151934434
50,4.223610361
52,3.444753059
57,3.117031348
58,3.969683621
60,3.237495806
61,3.587482758
62,3.690208974
63,2.878734482
64,2.598418103
65,2.596686612
66,2.690612069
68,3.348418103
69,3.708145427
70,3.496333531
71,2.285918103
72,3.228734482
73,3.424209052
74,3.798849529
75,2.598418103
76,3.377074712
79,2.839367241
81,3.134549696
82,3.707940439
85,3.678734482
86,3.849296935
87,2.728734482
88,3.173018149
89,3.252872679
92,2.798849529
93,2.940612069
94,3.791334217
95,3.032038446
97,3.752872679
100,2.869843813
101,3.722590186
102,2.723418103
104,3.434189655
105,3.280282493
107,3.32025327
110,4.022030603
111,4.082124718
112,3.526272343
116,3.660918103
122,2.751965517
123,3.898192118
125,3.519156322
126,2.378734482
132,2.976371647
135,2.979039554
140,3.462491833
141,3.486374661
144,3.319156322
145,3.246061941
147,3.432630268
150,3.837192867
151,3.527390315
153,2.923481034
154,3.752489655
155,2.698593869
157,2.949096059
158,2.827497613
159,2.958079107
160,2.896455747
161,3.62535231
162,4.064367241
163,3.547642679
164,3.311020284
165,3.549573774
168,3.092760436
169,2.599026525
170,3.231245916
171,3.643038314
172,2.7104883
173,2.696728382
174,2.829795756
175,3.882058471
176,4.111709052
177,2.88975862
180,3.391983201
181,2.414367241
185,3.045976912
186,2.848771467
187,3.755334975
188,3.419156322
190,2.973418103
191,2.698593869
193,2.533877495
194,3.608921182
195,3.137488063
196,2.703903017
198,3.251204672
199,3.755334975
203,3.411493793
204,2.766283176
205,3.190612069
207,3.407806034
208,2.921926651
210,3.112477832
213,3.643038314
215,3.955086845
216,3.322833554
217,2.643038314
218,3.399255578
222,3.673018149
223,3.839134064
224,3.588077787
225,3.52340627
227,2.911493793
229,3.378734482
230,3.381012771
231,3.06461283
232,3.781608519
233,3.452489655
234,2.689367241
235,3.661470477
236,3.464319684
237,3.331493793
239,3.039367241
240,2.755334975
242,3.473418103
246,4.196479526
247,3.845306034
248,3.189367241
249,3.65654023
250,2.754149425
252,3.441029235
253,3.453458436
255,2.428734482
256,2.862824864
257,3.458079107
258,2.752872679
259,3.223418103
260,4.219635216
261,3.839718774
262,3.824472701
265,3.882981801
266,3.391371054
267,2.989367241
270,3.348418103
271,3.398192118
272,3.714333671
273,2.977011123
274,3.028734482
275,2.420816092
276,3.251493793
277,3.226520605
280,3.924209052
281,3.693373225
282,3.332263833
288,3.23460363
289,3.480667711
290,3.899255578
292,3.421032162
293,4.00211283
296,4.188023693
299,3.683906403
300,3.509373153
302,3.223418103
303,2.979638424
305,2.940612069
306,4.067754991
307,3.825457216
308,3.925536731
312,1.898945402
314,3.673018149
315,3.092374264
316,3.372638775
317,3.205801724
318,4.418085453
319,3.555971514
322,3.48364191
325,2.728734482
327,2.859117428
328,3.175949602
329,3.389976079
330,3.087482758
332,2.919156322
333,3.750704619
334,3.848418103
337,3.74734181
338,2.899424765
339,3.463241038
340,3.348418103
342,3.27187069
343,3.035918103
344,3.044435029
345,3.57147038
346,3.420816092
347,3.420816092
348,3.554161964
349,3.595463229
350,3.37978908
351,3.189367241
353,3.593840968
354,3.30970498
355,2.417496552
356,4.155985978
357,3.512144762
358,2.815612069
360,2.844304075
361,3.089367241
362,3.507766076
364,3.930213399
365,3.255334975
366,2.985822988
367,3.186170905
368,3.490744738
370,3.070284341
371,3.303639368
372,2.824472701
373,3.556238916
374,2.313833744
376,3.250868484
377,3.524639913
378,2.928734482
379,2.595306034
380,3.493300248
381,3.699096059
382,3.173018149
383,3.116139368
387,2.755334975
390,3.535918103
393,2.675949602
405,2.585822988
407,3.38975862
410,3.10675109
412,3.460408046
413,2.837494649
414,2.643038314
415,2.646702359
416,2.707940439
417,3.611709052
419,2.751623688
420,2.746570078
421,3.219156322
422,3.223418103
423,2.945180371
426,3.178734482
427,2.685822988
428,3.65654023
429,2.420816092
431,3.706385441
432,2.677368014
433,2.88975862
434,3.041224469
435,2.458899164
436,2.778734482
437,2.440612069
438,2.878734482
440,3.535282846
441,3.884163218
442,3.098658867
444,2.643038314
445,3.052489655
446,3.690612069
448,3.526122257
450,3.078734482
453,2.973418103
454,3.526801393
455,2.457183621
456,3.541049261
457,3.980763445
458,2.973418103
459,2.587482758
461,2.969620689
464,2.98364191
466,2.88551341
468,3.211493793
469,3.348418103
471,3.529938252
472,2.80970498
473,2.278734482
474,3.675169107
475,4.188833744
477,3.364367241
479,2.683906403
480,3.743930891
481,3.172152037
482,3.526122257
485,2.951559729
487,2.826763546
489,2.949096059
490,3.052489655
491,3.289367241
492,3.66396146
493,3.585822988
494,3.370166928
497,3.777985757
500,3.386308468
501,3.531927203
502,2.515963601
505,2.528734482
507,3.361709052
508,3.598367316
509,3.527927263
512,3.112477832
513,3.326763546
514,3.394635468
515,3.566197956
516,3.085111658
517,3.273945402
518,2.755334975
519,2.511972701
520,3.135935345
522,3.278734482
523,3.398192118
524,3.467225536
527,4.212050874
529,3.832263833
531,3.251383142
532,3.041439201
533,2.942254515
534,3.546314401
535,3.265963601
537,3.185822988
538,3.519156322
539,3.465938943
540,2.751778325
541,4.081002715
542,2.869843813
543,3.313348746
544,2.662485893
546,2.157806034
548,2.920816092
550,3.348418103
551,3.544659842
552,3.262302263
553,3.790990365
555,3.776284483
556,3.30970498
558,3.026122257
562,3.511051724
569,2.865260536
574,3.255334975
575,2.751965517
577,2.612477832
580,2.973418103
581,3.683906403
585,2.776598585
586,3.002414662
587,3.430401227
588,3.783802929
589,3.961618259
590,3.825073921
592,3.425975754
593,4.151728173
594,3.60359181
595,3.76031775
596,3.441068965
597,3.480343078
599,3.699096059
605,3.060564986
606,3.112477832
608,4.102105135
609,3.516902637
610,3.52187069
611,2.698593869
612,2.754149425
613,3.207940439
616,3.401819684
619,2.848418103
627,3.30970498
628,3.612824864
631,3.199096059
634,2.683906403
637,3.063537356
639,3.112477832
640,2.806238916
647,3.321479526
648,3.532044514
650,3.112477832
653,3.099813894
656,3.098418103
661,3.43821817
662,3.278734482
663,3.285822988
667,2.935213166
671,3.468906278
673,2.737274015
674,3.190612069
678,3.690612069
680,3.755334975
688,2.565612069
692,2.541049261
694,3.02052463
697,2.910918103
700,3.228734482
704,2.778734482
707,2.928639368
708,3.381759751
709,3.127667487
710,2.753394984
711,3.099026525
714,3.849296935
718,3.755334975
719,2.875982759
720,4.009578161
724,3.052568965
725,2.785918103
728,3.445180371
733,3.631349555
735,3.728734482
736,3.319740832
737,2.729884558
741,4.059578161
742,2.913381773
743,2.587104526
745,3.858575389
748,3.131493793
750,4.237873448
761,2.853970219
762,2.472439655
765,3.172152037
766,3.398192118
778,4.017022332
780,3.442865097
781,3.428734482
782,3.071576802
783,3.325746896
784,2.829602541
785,3.361940996
786,3.116229027
788,2.750439351
798,2.819156322
799,3.434128647
800,4.035788401
801,3.163381773
802,3.332394792
804,3.253394984
805,3.625982759
809,2.565612069
810,2.452489655
813,2.973418103
818,3.252872679
828,3.30970498
829,2.815612069
830,3.095306034
832,3.332183621
833,2.420816092
836,2.939367241
837,3.27187069
838,3.857192267
839,2.90485249
840,3.326763546
842,2.685822988
848,3.278734482
849,2.942283932
851,2.976371647
852,3.18015967
858,4.273268435
861,3.690612069
866,3.914897878
879,3.112477832
880,2.792911494
881,2.535918103
886,2.865260536
891,3.598418103
892,3.486709052
898,4.212104526
899,4.025746896
900,3.619156322
901,3.078734482
902,3.802239611
903,3.988688013
904,4.227440745
905,4.134549696
906,3.878734482
908,4.138122414
909,3.892911494
910,3.967685751
911,3.705459052
912,4.21152762
913,4.112496698
914,3.981245916
915,3.720828631
916,3.975425684
918,3.906718833
919,3.860919419
920,3.620569684
921,3.357278735
922,4.226244827
923,4.010935345
924,3.877565579
926,4.121753512
928,4.037492611
930,4.121188905
931,3.690612069
932,3.753394984
933,4.10720557
934,3.252489655
936,3.754149425
938,3.254149425
940,3.798849529
942,3.976371647
943,3.728734482
945,3.828734482
947,3.541049261
948,3.698593869
949,3.698593869
950,3.678734482
951,4.193373225
952,3.552489655
953,3.99651385
954,3.966064039
955,3.775587849
965,3.877667487
968,3.702817575
969,3.913171482
971,3.906718833
973,3.660918103
986,3.486709052
990,3.035918103
991,3.306238916
994,3.984810345
996,2.642959052
999,3.085822988
1004,3.087482758
1005,2.480667711
1006,3.410918103
1007,2.752872679
1009,3.107278735
1010,3.107278735
1011,3.026122257
1012,3.398945402
1013,3.219156322
1014,3.035918103
1015,2.990754123
1016,3.035918103
1017,3.445180371
1018,2.698593869
1019,3.439367241
1020,3.094683621
1021,2.426244827
1022,3.473052107
1023,3.549209052
1024,3.531927203
1025,3.545976601
1027,3.041527252
1028,3.861991146
1029,3.375982759
1030,2.849296935
1031,3.455086845
1032,3.367147554
1033,3.534232384
1034,3.160918103
1035,3.907273803
1036,3.849914492
1037,2.825457216
1041,4.306238916
1042,3.273052107
1043,2.723418103
1046,3.969620689
1047,3.313537356
1049,3.449472701
1050,3.660918103
1056,3.128734482
1057,3.432630268
1059,3.686854995
1060,3.66121397
1061,3.633979526
1064,3.174209052
1066,3.969620689
1073,3.858912662
1077,3.702817575
1078,3.377667487
1079,3.89577493
1080,3.905297226
1081,3.485822988
1082,3.476371647
1083,3.30970498
1084,4.007561706
1086,4.010262315
1088,3.361940996
1089,4.181248842
1090,3.951323406
1091,2.636972701
1092,3.195746896
1093,3.394683621
1094,3.428607663
1095,3.599296935
1096,3.868257294
1097,3.754298759
1099,3.326763546
1100,2.785788401
1101,3.299852847
1103,3.960408046
1104,4.316841079
1111,3.755334975
1120,3.509578161
1124,3.580459052
1125,3.640272031
1126,2.976371647
1127,3.465959151
1128,2.785918103
1129,3.435412972
1130,3.035918103
1131,3.913381773
1132,3.844304075
1135,3.142959052
1136,4.142354999
1147,3.752872679
1148,3.996395675
1171,3.339367241
1172,4.088847157
1173,3.163381773
1175,3.761972701
1177,3.754149425
1178,4.285822988
1179,3.592911494
1183,3.683069684
1184,3.728734482
1185,3.791334217
1186,3.549513262
1187,3.473418103
1188,3.611493793
1189,3.841953202
1190,3.198593869
1191,3.420816092
1192,4.035918103
1193,4.182259888
1194,3.52052463
1196,4.202277312
1197,4.212326516
1198,4.193533718
1199,4.133666852
1200,3.947963913
1201,4.110497931
1202,3.678734482
1203,4.10478908
1204,4.235153017
1206,3.977945893
1207,4.078481063
1208,4.193521317
1209,4.15654023
1210,4.124559522
1211,3.767959052
1212,4.121753512
1213,4.227033681
1214,3.954948623
1215,3.996061941
1216,3.413381773
1217,4.238185824
1218,3.841953202
1219,4.009155172
1220,3.790659136
1221,4.23702534
1222,4.074165189
1223,4.009269188
1224,3.899424765
1225,4.149206897
1226,3.420816092
1227,3.936176043
1228,4.122961508
1230,3.840776145
1231,3.791493793
1232,3.526122257
1233,4.146217321
1234,3.944587236
1235,4.182322235
1237,4.085111658
1238,3.857278735
1240,3.882741379
1241,3.868257294
1242,4.108803291
1243,3.857228675
1244,4.035759578
1245,4.099449775
1246,3.935812863
1247,4.03399201
1248,4.114367241
1249,4.007561706
1250,4.068486351
1251,3.928667343
1252,4.165924917
1253,3.760262315
1254,3.59407078
1255,3.087482758
1256,3.741820955
1257,3.642911494
1258,4.060601293
1259,3.981780264
1260,3.65485249
1261,3.980739049
1262,4.071464018
1263,3.788855322
1264,3.598418103
1265,3.930050307
1266,4.058069684
1267,4.16022257
1268,3.523945402
1269,3.821479526
1270,4.024639913
1271,3.478404389
1272,4.049648467
1273,3.877667487
1274,3.709222496
1275,3.701712644
1276,4.221455747
1277,3.952489655
1278,3.962324234
1279,3.88975862
1280,4.065612069
1281,3.988185824
1282,3.755131158
1283,4.081242947
1284,3.987490872
1285,3.699712382
1286,3.128734482
1287,3.886144455
1288,3.982425287
1289,3.734810345
1290,3.329795756
1291,4.029981432
1292,3.86031934
1293,3.776244827
1295,3.234810345
1296,3.639367241
1297,3.621188905
1298,3.703359416
1299,3.944753059
1300,3.940612069
1301,3.705459052
1302,3.504870251
1303,3.914367241
1304,3.912112997
1305,3.398192118
1306,2.910918103
1307,3.838492555
1320,3.155746896
1321,3.395667109
1326,2.041049261
1327,2.738185824
1330,2.255334975
1333,3.580581805
1334,3.087482758
1339,3.446479526
1342,2.663381773
1343,3.724548029
1344,3.840432048
1345,3.340701149
1346,2.935213166
1347,3.026244827
1348,3.488807622
1350,3.751493793
1353,3.326763546
1354,3.828734482
1356,3.859439839
1357,3.918049808
1358,3.805746896
1359,2.918444992
1361,3.80970498
1363,3.410918103
1365,3.476371647
1366,3.660918103
1367,3.085746896
1370,3.398413307
1371,3.058069684
1372,3.339718774
1373,2.720828631
1374,3.742882228
1375,3.261940996
1376,3.462768366
1377,3.036307061
1378,3.117405172
1379,3.056238916
1380,3.144892181
1381,2.240333856
1382,2.469620689
1385,2.89953129
1387,3.981780264
1388,2.714367241
1389,2.031927203
1390,2.815612069
1391,3.098734212
1392,3.755334975
1393,3.582810737
1394,3.955530243
1395,3.098418103
1396,3.465047854
1399,3.160918103
1405,2.964333671
1407,3.202566367
1408,3.792555829
1409,2.587974801
1411,3.883544464
1414,3.071576802
1416,3.385822988
1422,2.969620689
1425,3.071576802
1429,3.534232384
1431,2.59407078
1432,2.878734482
1438,2.695827586
1441,3.44487931
1442,3.410918103
1445,2.478734482
1446,4.078734482
1447,3.326763546
1449,3.806938697
1454,3.587482758
1457,3.119156322
1459,2.785822988
1461,2.571576802
1464,3.264367241
1466,3.71431536
1468,2.848418103
1474,2.377667487
1476,3.509908442
1479,3.220828631
1480,3.341953202
1483,3.127667487
1485,3.04269279
1487,3.098418103
1488,2.90485249
1498,3.098418103
1499,2.059578161
1500,3.593344271
1503,3.112477832
1513,2.993354526
1515,2.293741379
1517,3.5270616
1518,3.330459052
1527,3.733507099
1537,3.705459052
1541,2.829795756
1542,3.578734482
1544,2.775533497
1550,2.683906403
1552,3.044957175
1554,2.723418103
1556,1.831242947
1562,2.284163218
1566,3.434921907
1569,3.483426624
1573,3.36609181
1580,3.483853243
1582,2.848418103
1584,3.638674645
1586,2.851493793
1587,3.258451318
1588,3.099449775
1589,3.278281307
1590,2.974548029
1591,2.699563615
1592,2.755334975
1593,2.976371647
1594,3.80970498
1597,2.962768366
1598,2.826763546
1602,2.398192118
1603,2.611709052
1605,2.969620689
1608,3.340776145
1610,3.852552095
1611,3.785918103
1614,2.837494649
1615,3.056238916
1616,3.055971514
1617,4.037873448
1619,3.399255578
1620,3.142959052
1625,3.68484181
1627,3.328734482
1633,3.723418103
1635,3.789367241
1639,3.559769906
1641,3.733683811
1643,3.598418103
1644,2.208209852
1645,3.403469349
1646,2.478734482
1648,3.398192118
1653,3.930194886
1658,3.117031348
1663,3.75100932
1665,3.015123412
1667,2.535918103
1672,3.352489655
1673,4.018746305
1674,3.622961508
1676,3.328763191
1678,3.445180371
1680,3.563833744
1681,2.328734482
1682,3.799119881
1683,4.031927203
1684,3.398192118
1687,3.227968801
1688,3.33858021
1689,2.528734482
1690,2.943486351
1693,3.467606583
1694,3.078734482
1701,3.707940439
1702,3.041439201
1703,3.035918103
1704,4.061023228
1707,2.253394984
1711,3.121753512
1713,3.128734482
1717,2.949627789
1719,4.09407078
1721,3.411100313
1722,3.078903017
1726,2.799209052
1727,3.541049261
1729,3.672300879
1730,3.255334975
1731,2.398192118
1732,3.906305916
1733,3.969620689
1734,3.857278735
1735,3.306238916
1747,3.33198073
1748,3.789947938
1752,2.826763546
1753,3.541439201
1754,3.460408046
1755,3.785918103
1760,1.791334217
1762,2.660918103
1769,2.987490872
1772,2.819156322
1777,3.411649912
1779,2.818744032
1783,2.973418103
1784,3.684720655
1785,3.660918103
1792,3.049513262
1797,3.920816092
1799,3.392959052
1801,3.474548029
1805,3.037863083
1806,2.571576802
1809,3.754149425
1810,3.449096059
1821,2.865260536
1831,2.524604526
1833,3.049209052
1834,3.841953202
1835,3.364367241
1837,2.683906403
1840,3.228734482
1844,3.612477832
1845,3.849296935
1848,3.085822988
1855,2.778734482
1858,2.753394984
1860,2.898192118
1862,2.273945402
1863,2.678734482
1866,3.028734482
1873,3.637488063
1875,3.698593869
1876,3.082333583
1882,2.063537356
1883,3.26990166
1884,3.924231527
1885,3.152489655
1889,3.617031348
1892,3.278281307
1894,2.909860254
1895,3.321519157
1907,3.547653017
1909,3.428607663
1911,2.665352709
1912,3.808209852
1914,3.357278735
1916,3.385822988
1917,3.060919419
1918,2.882981801
1919,2.785918103
1920,2.894635468
1921,3.815746896
1923,3.664697637
1924,3.207940439
1927,4.099026525
1931,3.865260536
1939,3.844304075
1942,3.826763546
1944,3.806238916
1945,4.084716475
1947,3.575333644
1948,3.528734482
1949,3.976371647
1950,3.984810345
1951,3.478734482
1952,3.871493793
1953,3.828270115
1954,3.802796191
1955,3.781608519
1956,3.852489655
1957,3.892959052
1958,3.731493793
1959,3.599296935
1960,3.647839477
1961,3.790781261
1962,3.684128647
1963,3.341953202
1964,3.80970498
1965,3.366139368
1966,3.526122257
1967,3.784163218
1968,3.765408145
1969,2.560564986
1970,2.985822988
1971,2.678734482
1972,2.478734482
1973,2.598418103
1974,2.936176043
1975,2.728734482
1976,2.528734482
1977,2.80970498
1979,3.255334975
1982,3.676244827
1983,2.723418103
1991,2.819156322
1992,2.755334975
1993,2.348418103
1994,3.415746896
1995,2.198593869
1996,2.469620689
1997,3.7729883
1998,2.255334975
1999,2.541049261
2000,3.657530062
2001,3.185746896
2002,2.954843772
2003,3.370166928
2004,3.321519157
2005,3.55478908
2006,3.107735632
2009,3.44487931
2010,3.782806034
2011,3.497637165
2012,3.365794998
2013,3.116139368
2014,2.798849529
2015,3.357278735
2016,3.041049261
2017,3.160918103
2018,3.360666947
2019,4.133085193
2020,3.920976601
2021,3.419683621
2022,3.571576802
2023,3.349736351
2025,3.728734482
2027,2.190612069
2028,4.132394476
2033,3.617031348
2034,2.773945402
2036,2.587482758
2040,2.978734482
2042,2.80970498
2043,2.969620689
2046,3.214346105
2048,3.480667711
2050,3.041049261
2052,2.818744032
2053,2.208145427
2054,2.778694998
2057,3.326763546
2058,3.342040752
2059,3.043741379
2060,3.105137931
2064,3.787863083
2065,3.642959052
2066,3.755334975
2067,4.032806034
2070,3.348418103
2072,3.189367241
2073,3.473418103
2076,3.903823364
2077,3.348418103
2078,3.799774015
2080,3.392885256
2081,3.41839064
2082,2.716804994
2083,3.672152037
2084,2.910918103
2085,3.421007337
2087,3.55198511
2088,2.608921182
2089,3.445180371
2090,3.205459052
2091,2.683906403
2092,2.698593869
2093,3.087482758
2094,3.256841543
2096,3.391493793
2097,2.98364191
2099,3.365260536
2100,3.125691571
2105,3.33561028
2106,3.535918103
2108,3.455086845
2109,3.359578161
2110,3.299397373
2111,3.252872679
2112,3.207940439
2114,3.646702359
2115,3.628714818
2116,3.15485249
2117,3.634549696
2118,3.65485249
2120,2.541049261
2121,2.528734482
2122,2.627667487
2123,2.793741379
2124,3.287496215
2125,3.574472701
2126,2.849296935
2130,3.571576802
2131,4.041049261
2132,3.878734482
2133,3.316841079
2134,3.131493793
2135,3.663381773
2136,2.605137931
2137,3.511972701
2138,3.868257294
2139,3.449472701
2140,3.52127959
2141,3.180349754
2142,2.829795756
2143,3.111709052
2144,3.582448939
2145,3.244092912
2146,3.225649728
2148,3.107278735
2149,2.398192118
2150,3.831849833
2151,3.587482758
2153,2.52052463
2155,3.526122257
2159,3.728734482
2160,4.093924138
2161,3.560594453
2162,2.707940439
2163,2.598418103
2166,2.826763546
2167,3.357169587
2169,2.578734482
2170,2.723418103
2171,3.298849529
2174,3.465822817
2176,3.752872679
2181,3.469620689
2182,3.041049261
2183,3.482278735
2184,3.365260536
2186,3.903119458
2188,2.473418103
2193,3.332263833
2194,3.908637424
2195,3.228734482
2202,4.028734482
2203,3.878734482
2204,3.612477832
2205,3.041049261
2206,3.723418103
2208,3.698593869
2231,3.815060124
2232,3.409578161
2236,3.065612069
2239,4.198593869
2240,3.678734482
2241,3.398192118
2243,3.412494994
2245,3.211493793
2247,3.052489655
2248,3.875889162
2249,3.199096059
2252,2.785918103
2253,2.490754123
2259,3.207940439
2261,3.087482758
2262,3.065612069
2263,2.973418103
2264,2.969620689
2265,2.755334975
2266,3.160918103
2268,3.763122414
2269,3.071576802
2273,3.261940996
2275,3.473418103
2278,3.506246627
2279,2.599026525
2282,3.365260536
2287,3.598418103
2288,3.891403017
2289,3.897252313
2290,3.473418103
2291,3.684184877
2294,3.245569684
2296,2.368257294
2297,3.575726166
2300,3.910759578
2301,3.567754991
2302,3.26269911
2303,3.473418103
2306,2.80970498
2311,3.539367241
2312,3.719156322
2313,3.914367241
2315,2.531927203
2316,3.228734482
2318,3.988807622
2320,3.065612069
2321,3.473239763
2322,3.117031348
2324,4.118542251
2325,3.142959052
2328,2.678734482
2329,4.195358673
2333,3.755334975
2334,2.892959052
2335,3.186688543
2336,3.626436339
2337,3.326763546
2338,2.227968801
2340,3.077710645
2344,3.253394984
2346,3.199096059
2348,3.38975862
2349,3.428734482
2351,3.978734482
2352,3.778119458
2353,3.482676355
2354,2.728734482
2355,3.50828784
2356,2.848418103
2357,4.031927203
2359,3.630598097
2360,4.219156322
2361,2.868257294
2366,3.599548029
2367,2.811020284
2369,2.732864623
2371,3.103234993
2372,2.482278735
2373,2.523945402
2374,3.190612069
2375,2.970306034
2376,3.220306034
2377,2.785918103
2378,3.051493793
2379,2.619156322
2380,2.522103448
2381,2.478734482
2382,2.785918103
2383,2.255334975
2384,2.821479526
2387,3.409860254
2389,2.232278735
2390,3.728734482
2391,3.731493793
2392,2.298849529
2393,3.160759578
2394,3.474548029
2395,3.53029398
2396,3.760919419
2398,3.939367241
2399,2.683906403
2401,3.662485893
2402,2.740333856
2403,3.523858934
2404,2.185822988
2405,2.866139368
2406,3.443637628
2407,3.267116192
2408,2.565612069
2409,3.199563615
2410,2.788420179
2411,2.758979526
2412,2.139367241
2413,3.370825944
2414,3.341953202
2416,2.962491833
2418,2.920816092
2420,3.543593776
2421,2.821479526
2422,2.016902637
2423,3.539010449
2424,3.12806311
2427,3.29703539
2428,2.568744032
2429,2.973418103
2430,2.976371647
2431,3.359578161
2432,3.143038314
2433,3.091953202
2436,3.920816092
2443,3.344304075
2445,2.844304075
2447,3.265963601
2450,2.330912885
2454,3.361709052
2455,3.375811844
2456,2.523945402
2457,3.480667711
2458,2.88975862
2459,3.267959052
2463,3.311020284
2467,3.680349754
2468,2.627074712
2469,3.228734482
2470,3.17978908
2471,2.566197956
2473,2.753394984
2474,3.455459052
2476,3.652489655
2478,3.147839477
2485,2.883979526
2490,3.412236351
2491,3.473418103
2492,3.078734482
2496,3.126436339
2497,3.031927203
2498,2.535918103
2500,2.378734482
2501,3.705677116
2502,4.064817988
2504,3.198593869
2505,2.989873563
2506,3.30970498
2513,2.945180371
2517,3.022103448
2518,3.099026525
2522,3.255334975
2524,3.232278735
2527,3.394635468
2528,3.232864623
2529,3.776056692
2530,2.84701642
2531,2.898945402
2532,2.885822988
2533,3.043741379
2539,3.105746896
2541,3.22761267
2542,4.01839064
2548,2.30970498
2549,3.031927203
2550,3.778734482
2551,3.571576802
2553,3.143038314
2558,2.565612069
2560,3.071576802
2561,2.969620689
2565,3.985822988
2567,3.013061128
2568,3.207940439
2570,3.223418103
2571,4.182517241
2572,3.513813067
2574,2.420816092
2575,3.541049261
2579,3.643038314
2580,3.911603448
2581,2.98172679
2583,3.752489655
2587,3.255334975
2593,3.326763546
2594,3.637488063
2596,3.685822988
2598,2.885262315
2599,3.640463472
2600,3.791493793
2605,3.006246627
2606,2.682630268
2613,2.980667711
2615,3.041049261
2616,2.923701546
2617,3.125414942
2618,3.348418103
2622,3.163381773
2628,3.110401013
2639,3.183906403
2640,3.590427263
2641,3.034372016
2642,2.371493793
2643,1.936176043
2644,3.315612069
2648,3.77052463
2654,3.473418103
2657,3.337687043
2660,3.398192118
2662,3.185822988
2664,3.674209052
2668,3.026122257
2670,3.473418103
2671,3.445548217
2672,3.019156322
2676,3.198593869
2677,3.898192118
2683,3.199897942
2686,3.922152037
2687,3.436568327
2688,2.988185824
2690,3.599026525
2692,3.971632626
2693,3.326763546
2694,3.201712644
2699,2.8354883
2700,3.839080314
2701,2.264059729
2702,3.377074712
2706,3.37535231
2707,3.271493793
2709,3.190612069
2710,2.817721565
2712,3.451559729
2713,2.785822988
2716,3.762498738
2717,3.015746896
2718,3.21441114
2719,2.330459052
2720,2.241139368
2722,2.821479526
2723,3.102079639
2724,2.861940996
2726,3.857278735
2728,3.517959052
2729,3.428734482
2730,3.578734482
2731,3.852489655
2732,4.035918103
2734,3.252872679
2735,2.804597096
2736,3.473418103
2739,3.785822988
2745,3.440612069
2746,3.328270115
2747,3.065612069
2748,2.30970498
2750,3.178734482
2752,2.935213166
2759,3.435213166
2761,3.994936782
2762,3.88344695
2763,3.623281271
2764,3.778734482
2769,3.348418103
2770,2.982618166
2771,3.255334975
2772,2.945180371
2779,3.267959052
2786,2.398192118
2787,2.698593869
2788,3.977011123
2789,3.041049261
2791,3.836526054
2792,3.19487931
2793,2.522103448
2794,2.738185824
2795,3.613356718
2796,2.734810345
2797,3.705184519
2798,1.919156322
2799,1.844304075
2802,3.080459052
2803,2.986709052
2804,3.935988704
2805,3.030282493
2806,2.565612069
2807,2.898192118
2808,2.364367241
2810,3.848418103
2815,2.578734482
2819,3.673018149
2822,3.163381773
2826,2.940942925
2827,2.484810345
2829,3.128734482
2836,3.398192118
2840,2.914897878
2841,3.489873563
2843,3.773945402
2846,3.678734482
2851,3.255334975
2857,3.281608519
2858,4.0448664
2859,3.678734482
2860,2.773945402
2861,3.344304075
2863,3.44487931
2866,3.473418103
2867,3.519156322
2870,3.298849529
2871,3.842040752
2872,3.599548029
2875,3.022103448
2877,3.078734482
2879,3.228734482
2880,3.143038314
2881,3.058515674
2882,2.541049261
2883,3.223418103
2888,2.535918103
2889,3.617031348
2890,3.683069684
2901,2.958079107
2902,2.826763546
2905,3.826763546
2906,2.778734482
2907,3.478734482
2908,3.530651067
2912,3.781608519
2915,3.428607663
2916,3.640520273
2917,3.829795756
2918,3.82399415
2919,3.662485893
2921,3.984810345
2922,3.473418103
2924,3.868257294
2925,3.785918103
2926,3.306238916
2935,3.798849529
2936,3.778734482
2937,3.785918103
2940,3.754149425
2941,3.648945402
2942,2.936176043
2944,3.908209852
2946,3.328734482
2947,3.808702586
2948,3.712496021
2949,3.674648467
2950,2.605137931
2951,3.887793924
2952,3.485822988
2953,2.58198073
2956,3.198593869
2959,4.259218755
2961,2.723418103
2966,3.811020284
2967,3.683906403
2968,3.699712382
2970,3.326763546
2971,3.80970498
2973,3.823206896
2976,3.365260536
2978,3.112477832
2985,3.366949929
2986,2.706690887
2987,3.562873448
2989,3.511972701
2990,3.316841079
2991,3.645667109
2993,3.455086845
2995,2.575726166
2996,3.183906403
2997,3.934189655
3000,3.917398918
3004,2.699096059
3005,2.885262315
3006,3.699627789
3007,3.587482758
3011,3.255334975
3016,3.105137931
3017,3.112477832
3018,3.406718833
3019,3.945180371
3020,3.489367241
3022,3.815612069
3024,2.828734482
3029,3.254149425
3030,4.049209052
3031,2.755334975
3032,3.531927203
3033,3.472376529
3034,3.494547303
3035,3.699096059
3036,3.628734482
3037,4.047679438
3038,3.848418103
3039,3.697317734
3040,3.232278735
3041,2.476371647
3044,3.674209052
3045,3.473418103
3052,3.631552986
3053,3.77052463
3054,2.571576802
3060,3.765963601
3061,3.526122257
3062,3.841953202
3063,2.531927203
3066,3.728734482
3067,3.48364191
3068,4.028734482
3070,3.511972701
3071,3.440612069
3072,3.526244827
3074,3.826763546
3076,3.469620689
3079,3.143038314
3081,3.465959151
3082,3.328270115
3083,4.035788401
3087,3.177309068
3088,3.719156322
3089,3.988807622
3090,3.865260536
3091,3.755334975
3093,3.541049261
3095,3.898945402
3098,3.603234993
3099,3.128734482
3100,3.851493793
3101,3.109931919
3102,3.478734482
3104,3.591493793
3105,3.631493793
3107,3.299513262
3108,3.763778072
3109,3.398192118
3111,3.826763546
3113,2.793741379
3114,3.842873448
3115,3.723418103
3117,3.612477832
3130,2.723418103
3134,3.578734482
3142,3.255334975
3146,2.464367241
3147,4.125327586
3148,3.699563615
3152,4.162485893
3153,3.973418103
3155,3.565612069
3156,2.877074712
3157,2.899424765
3159,3.738185824
3160,3.687042633
3163,3.612477832
3167,3.398192118
3168,3.571479526
3169,3.285918103
3173,3.037492611
3174,3.471127258
3175,3.567786472
3176,3.332448939
3177,3.254149425
3178,3.488807622
3181,3.698593869
3182,3.723418103
3186,3.444753059
3189,3.484810345
3190,2.541049261
3194,3.469620689
3196,3.607278735
3197,2.978734482
3198,3.811020284
3200,3.980667711
3201,4.162485893
3203,3.185822988
3204,3.571576802
3208,2.480667711
3210,3.461940996
3213,3.955459052
3219,3.205459052
3221,3.535918103
3224,4.112477832
3225,2.541049261
3230,3.612477832
3238,2.143038314
3243,2.543741379
3244,3.619156322
3246,4.015963601
3247,3.045829354
3248,2.134549696
3249,3.148945402
3250,3.190612069
3251,3.535918103
3252,3.559578161
3253,3.465427263
3254,3.292911494
3255,3.453903017
3256,3.493745436
3257,2.893924138
3258,2.932630268
3259,3.163381773
3260,3.852489655
3261,3.199096059
3262,3.377667487
3263,3.071493793
3264,2.509908442
3265,3.815612069
3266,4.087482758
3267,3.513683087
3268,2.091953202
3269,2.892911494
3270,2.885822988
3271,3.614367241
3272,3.38975862
3273,2.727729526
3274,3.352489655
3275,4.15842054
3285,3.079638424
3286,2.660918103
3296,3.828734482
3298,3.657806034
3300,3.542555829
3301,3.506385441
3306,3.755334975
3307,3.736709052
3308,2.978734482
3310,3.785918103
3316,2.611709052
3317,3.611493793
3327,3.535918103
3328,3.94487931
3334,3.98364191
3341,3.978734482
3342,3.410918103
3347,3.940612069
3354,2.761972701
3355,3.210408046
3358,3.71441114
3359,3.913381773
3360,3.651493793
3361,3.639140653
3362,3.885057191
3363,3.810594453
3365,3.828734482
3384,3.969620689
3385,2.935213166
3386,3.479039554
3387,2.978734482
3388,2.699096059
3392,2.643038314
3394,2.628734482
3396,3.563537356
3397,3.413381773
3398,3.321519157
3401,2.598418103
3404,3.476371647
3408,3.517634861
3409,2.954930127
3412,3.365260536
3418,3.449712382
3421,3.673651459
3422,3.30970498
3424,3.959578161
3425,3.348418103
3426,3.128734482
3429,4.052489655
3430,3.112477832
3435,4.164367241
3436,3.541049261
3438,3.028119458
3439,2.799209052
3440,2.281608519
3441,3.399255578
3444,3.023945402
3445,3.398192118
3448,3.767116192
3450,3.290229526
3451,4.27052463
3452,3.108921182
3461,3.080459052
3462,3.670976601
3466,3.071576802
3467,3.541049261
3468,4.180349754
3469,3.80970498
3470,3.910918103
3471,3.718846743
3476,3.527149822
3477,3.361709052
3478,2.928734482
3479,3.323206896
3481,3.651119805
3483,3.142959052
3484,2.868257294
3489,3.353345443
3494,3.754149425
3497,2.826763546
3498,3.798849529
3499,3.80398606
3500,3.112477832
3501,2.660918103
3503,3.913381773
3504,3.931493793
3505,3.607278735
3506,3.098418103
3507,3.932630268
3508,4.108921182
3510,3.404803713
3511,2.587482758
3512,3.480667711
3513,3.128734482
3515,3.523945402
3516,3.326763546
3519,3.031927203
3521,3.378734482
3524,2.906718833
3525,3.035918103
3526,3.627074712
3527,3.566989763
3528,3.348418103
3529,3.410918103
3534,3.295976601
3535,3.76269911
3536,3.428639368
3538,3.223418103
3543,3.66396146
3545,3.098418103
3548,3.535918103
3549,3.753394984
3550,3.531927203
3551,3.424209052
3552,3.796133542
3553,2.723418103
3555,3.410759578
3556,3.716804994
3557,3.035918103
3564,1.952489655
3565,3.428734482
3566,2.980667711
3572,2.541049261
3576,3.398192118
3578,3.926516444
3584,2.541049261
3591,2.821519157
3593,1.876697492
3594,3.254149425
3599,3.223418103
3606,3.541049261
3608,2.974548029
3614,3.026122257
3615,3.134549696
3616,3.291334217
3617,3.097439655
3618,3.485822988
3623,2.73484181
3624,3.15842054
3627,3.612477832
3629,3.828734482
3632,3.723418103
3633,3.264367241
3635,3.418444992
3638,3.147839477
3639,3.537492611
3646,2.339367241
3649,2.844304075
3654,3.674209052
3668,3.599296935
3671,3.90442069
3672,3.598418103
3675,3.935213166
3676,3.637488063
3677,3.755334975
3681,4.077426245
3682,3.535918103
3683,3.899424765
3684,3.128734482
3685,3.648945402
3686,2.988185824
3688,2.377667487
3689,2.398192118
3690,2.473418103
3693,2.435213166
3697,2.949472701
3698,3.223982293
3699,3.174209052
3701,3.142959052
3702,3.470423044
3703,3.983426624
3704,3.26990166
3705,2.571576802
3706,3.071576802
3707,2.829795756
3708,3.099026525
3717,3.223239763
3723,3.598418103
3724,3.285918103
3726,3.473418103
3727,4.026122257
3728,3.541049261
3730,4.064367241
3732,3.112477832
3735,3.714367241
3740,3.799591769
3741,3.913381773
3742,3.560564986
3744,2.740333856
3745,3.399604526
3751,3.540584504
3752,3.097700915
3753,3.440666829
3754,2.482278735
3755,3.176326486
3763,3.225649728
3764,2.660918103
3766,2.476371647
3770,2.865260536
3774,1.826763546
3783,3.806238916
3784,2.734810345
3785,2.939383865
3786,2.898192118
3788,3.531927203
3791,3.199333938
3793,3.68961283
3798,3.206690887
3799,2.143038314
3801,3.683906403
3802,2.541049261
3809,3.270719601
3811,3.728734482
3812,3.419156322
3814,3.982278735
3821,2.436176043
3822,3.755334975
3824,2.591953202
3825,2.790229526
3826,2.363984401
3827,2.934128647
3831,3.77052463
3835,2.531927203
3836,3.988185824
3840,2.723418103
3841,2.976371647
3843,2.755334975
3844,3.315612069
3846,3.469620689
3852,3.361709052
3858,3.410918103
3861,2.763061128
3863,3.058069684
3864,2.535918103
3865,3.255334975
3868,3.395274329
3869,3.406460166
3871,3.660918103
3873,3.178734482
3877,2.482278735
3882,2.737495806
3889,2.587482758
3893,3.331242947
3896,3.162485893
3897,3.846364475
3909,2.541049261
3910,3.882058471
3911,3.665845443
3915,3.531927203
3916,3.711076019
3917,3.349296935
3918,3.273945402
3925,3.698593869
3927,2.865260536
3928,3.541049261
3930,2.612477832
3937,2.898192118
3943,3.026122257
3946,2.785918103
3948,3.412631328
3949,3.901892372
3950,3.480667711
3952,3.128734482
3953,2.612477832
3955,2.143038314
3959,3.526122257
3967,3.807183621
3968,3.092911494
3969,3.423701546
3972,3.988807622
3973,2.041049261
3977,2.743831264
3978,3.099296935
3979,2.584716475
3980,3.369843813
3981,2.517959052
3983,3.940612069
3984,3.470306034
3985,3.254149425
3986,2.86031934
3987,2.698593869
3988,3.063537356
3990,2.683906403
3991,2.898945402
3992,3.535918103
3993,3.087482758
3994,3.470886116
3996,3.821126945
3997,2.119156322
3998,3.085822988
3999,2.72278499
4002,3.792911494
4005,3.285822988
4006,3.328734482
4007,3.686406297
4008,3.486709052
4010,3.026122257
4011,4.127993175
4012,2.826763546
4014,3.505746896
4015,2.77187069
4016,3.682183621
4017,3.487490872
4018,3.145392014
4019,3.67055951
4020,2.986709052
4021,3.910918103
4022,3.687255775
4023,3.145667109
4025,3.063990221
4027,3.791622112
4029,3.752489655
4030,2.348418103
4033,3.799209052
4034,3.873799244
4036,3.163381773
4037,3.662485893
4039,3.146702359
4040,2.517959052
4041,3.575726166
4042,3.326763546
4047,3.565612069
4052,3.480667711
4054,2.909860254
4056,3.278734482
4062,3.344304075
4063,2.826763546
4066,3.041049261
4067,3.326763546
4068,2.878734482
4069,2.951493793
4084,2.922152037
4085,3.393619282
4086,3.410918103
4090,3.480667711
4091,3.255334975
4102,3.420816092
4103,3.791334217
4104,2.098418103
4105,3.751493793
4109,2.778734482
4121,3.152489655
4124,2.112477832
4126,3.398192118
4128,3.665080856
4132,2.798849529
4133,2.753394984
4141,2.826763546
4144,4.046314401
4148,2.959222496
4149,2.877667487
4153,2.585822988
4155,3.298849529
4158,2.476371647
4159,2.878734482
4160,3.755334975
4161,3.337974801
4167,3.060564986
4168,2.969620689
4175,3.469620689
4178,3.420816092
4191,3.255334975
4203,3.198593869
4205,3.198593869
4210,3.698593869
4211,3.587482758
4214,2.955459052
4215,2.476371647
4220,3.348418103
4221,2.898192118
4223,3.495054531
4225,3.778734482
4226,4.106712005
4228,2.406718833
4229,2.612477832
4231,3.410918103
4232,2.977011123
4233,2.420816092
4234,3.223418103
4235,3.85720557
4238,3.164367241
4239,3.783098978
4241,2.535918103
4246,3.607166836
4247,2.491139368
4248,2.254149425
4254,2.392959052
4255,2.445180371
4259,3.398192118
4262,3.904104926
4265,3.098418103
4267,3.348418103
4270,3.099736351
4275,3.035918103
4280,3.482278735
4291,2.841953202
4293,2.826763546
4299,3.336076019
4304,3.473418103
4305,2.326763546
4306,3.857152282
4308,3.573919738
4310,2.984507496
4321,3.361392495
4322,3.637488063
4326,3.52052463
4327,3.541439201
4333,3.21441114
4334,4.098418103
4339,3.541049261
4340,2.377667487
4343,3.059578161
4344,3.115874184
4349,3.617031348
4351,3.251965517
4356,3.598418103
4359,3.344304075
4361,3.408209852
4366,3.331242947
4367,2.925287089
4368,2.556238916
4369,3.078903017
4370,3.335378726
4372,3.348418103
4378,3.634549696
4380,3.678734482
4381,3.326763546
4383,3.410918103
4386,2.913381773
4387,3.648945402
4388,2.716804994
4389,3.469620689
4396,2.868257294
4406,3.973418103
4419,3.826763546
4427,3.565612069
4432,3.755334975
4437,3.753394984
4439,3.469620689
4446,3.346686612
4447,3.161005147
4448,3.512493253
4450,3.528734482
4452,2.865260536
4464,3.473418103
4465,3.535918103
4467,3.674209052
4474,3.035918103
4477,2.298849529
4487,3.02052463
4489,3.436568327
4498,3.087482758
4499,3.988807622
4502,2.326763546
4508,3.435213166
4509,3.035918103
4518,3.541049261
4519,3.315612069
4526,3.160918103
4529,3.612477832
4533,3.541049261
4535,3.326763546
4544,3.035918103
4545,3.273362818
4546,3.698593869
4553,3.607278735
4558,2.605137931
4564,2.976371647
4571,3.672653017
4585,3.326763546
4587,2.526122257
4591,3.098418103
4605,3.469620689
4616,3.420816092
4621,2.513683087
4623,3.534232384
4628,3.183906403
4638,2.879162688
4639,2.680349754
4640,3.541049261
4641,3.480739049
4642,3.984810345
4643,2.774756631
4649,3.528734482
4654,2.928734482
4676,2.365260536
4677,3.080459052
4678,3.398945402
4679,2.955459052
4681,3.528734482
4686,2.326763546
4697,2.898192118
4700,3.059578161
4701,3.361392495
4703,3.326763546
4713,3.478734482
4718,3.078903017
4719,2.798849529
4720,3.608402497
4721,2.612477832
4725,3.469620689
4727,3.183906403
4728,3.085111658
4732,2.232278735
4734,3.169928238
4735,2.848418103
4738,3.683906403
4741,3.578734482
4744,2.728734482
4745,3.469620689
4748,2.476371647
4754,3.698593869
4773,3.112477832
4774,2.531927203
4776,3.76458046
4787,3.329795756
4792,3.183906403
4799,3.252872679
4802,3.112477832
4803,3.469620689
4808,2.755334975
4812,2.531927203
4814,2.785918103
4815,3.031927203
4816,3.496269207
4821,3.160918103
4823,3.153119458
4844,2.865260536
4846,3.410918103
4848,3.810876756
4850,3.326763546
4855,3.708145427
4857,3.662485893
4865,3.599449775
4866,2.935213166
4867,3.160918103
4873,3.626697492
4874,3.466315134
4876,2.619156322
4878,3.962387007
4880,3.732278735
4881,3.664367241
4886,3.857684036
4887,2.840432048
4888,3.612477832
4889,3.378734482
4890,3.052568965
4896,3.748066771
4898,2.898192118
4899,2.480667711
4900,3.098418103
4901,3.459578161
4902,3.329795756
4903,3.060564986
4912,3.541049261
4914,3.753394984
4915,2.973418103
4921,3.723418103
4928,3.183906403
4929,2.755334975
4936,3.315612069
4941,3.207940439
4951,3.378734482
4954,3.556238916
4958,3.251623688
4963,3.830224138
4967,4.017959052
4969,3.469620689
4971,3.160918103
4973,4.160872722
4974,2.693373225
4975,3.410369039
4976,3.612477832
4978,3.643038314
4979,3.666018941
4980,3.099449775
4989,3.023945402
4990,3.223418103
4992,3.214367241
4993,4.093469377
4994,3.445180371
4995,3.982439245
5004,3.428734482
5008,4.107278735
5009,3.071576802
5010,3.779006506
5013,3.659578161
5014,3.689367241
5015,3.299397373
5016,3.087482758
5025,2.738185824
5026,3.72278499
5027,3.098418103
5039,3.80970498
5040,3.162485893
5047,3.232278735
5048,2.643038314
5049,3.52052463
5055,2.935213166
5060,3.893619282
5064,3.779638424
5065,3.111709052
5066,3.458079107
5072,3.830459052
5080,2.848418103
5081,2.973418103
5092,3.098418103
5093,2.898945402
5094,2.228734482
5099,2.826763546
5102,2.826763546
5103,3.418049808
5106,2.428734482
5107,3.160918103
5108,2.984810345
5110,3.566197956
5128,2.556238916
5135,3.719156322
5139,3.273945402
5146,3.148945402
5147,3.541049261
5151,3.037492611
5152,3.323206896
5159,3.178734482
5171,2.911493793
5214,2.826763546
5218,3.673719828
5219,3.09961651
5220,2.599026525
5222,3.326763546
5225,3.866139368
5246,2.612477832
5247,2.857278735
5248,2.183906403
5254,3.210468779
5255,2.755334975
5264,2.683906403
5265,3.306238916
5266,3.019683621
5267,3.285822988
5283,2.951493793
5291,3.84701642
5292,3.678734482
5293,3.315612069
5294,3.734810345
5296,2.98364191
5298,3.410918103
5299,3.266465791
5303,3.378734482
5308,2.876697492
5309,2.753394984
5312,2.978734482
5313,2.411493793
5316,3.178734482
5319,3.420816092
5323,1.753394984
5325,3.628734482
5329,3.329795756
5339,3.698593869
5349,3.534298759
5363,2.690612069
5364,3.428734482
5377,3.686964783
5378,3.160919419
5379,3.920816092
5380,3.71441114
5388,3.299648467
5400,3.014367241
5401,2.190612069
5410,2.755334975
5414,3.041049261
5415,3.183906403
5418,3.802498651
5419,2.914367241
5420,2.980667711
5421,3.420816092
5428,2.041049261
5434,3.598418103
5438,2.969620689
5444,3.758979526
5445,3.628352397
5446,3.528734482
5449,2.951493793
5450,3.223418103
5451,3.098418103
5452,2.143038314
5459,2.973239763
5463,2.799397373
5464,3.505525862
5466,3.683906403
5477,3.612477832
5478,2.88975862
5479,3.420816092
5480,2.848418103
5481,2.864519777
5500,3.98364191
5501,2.278734482
5502,3.171020376
5504,2.528734482
5505,3.219156322
5507,2.825457216
5508,3.478734482
5522,3.398192118
5524,2.844304075
5527,3.398192118
5528,3.44487931
5530,2.478734482
5540,3.523945402
5541,3.15485249
5544,3.541049261
5548,3.098418103
5553,3.071576802
5568,2.978734482
5570,3.660918103
5572,2.878734482
5573,2.578734482
5574,3.492667063
5577,3.585822988
5582,2.844304075
5585,2.476371647
5608,3.734810345
5617,3.831690887
5618,4.125414942
5620,3.073785317
5621,2.675949602
5628,3.410918103
5630,3.420216024
5632,3.473418103
5646,3.683906403
5650,3.484810345
5665,2.785918103
5666,3.473418103
5668,2.826763546
5669,3.75061221
5673,3.591315134
5679,3.205746896
5690,4.015123412
5693,3.306238916
5712,3.469620689
5747,3.978734482
5782,3.785788401
5784,2.690612069
5785,3.464367241
5791,3.699333938
5792,3.531927203
5796,2.785918103
5803,2.728734482
5804,2.660918103
5809,3.326763546
5810,3.290621473
5812,3.734810345
5816,3.588450903
5843,2.826763546
5872,2.959578161
5873,3.612477832
5874,2.723418103
5876,3.660918103
5878,3.899255578
5879,2.255334975
5881,3.099449775
5882,3.480667711
5891,2.898192118
5899,3.683906403
5900,2.753394984
5902,3.903823364
5903,3.835900954
5909,3.285918103
5941,3.031927203
5942,2.976371647
5943,2.69487931
5944,3.126697492
5945,3.182322235
5951,3.255334975
5952,4.009357826
5954,3.771493793
5955,3.482278735
5956,3.504954221
5957,3.263061128
5959,3.273945402
5970,3.21441114
5971,3.907183621
5988,2.898192118
5989,3.904977499
5991,3.697833554
5992,3.627074712
5993,3.035918103
5995,4.056884588
6001,3.828734482
6003,3.543741379
6006,2.88975862
6012,2.826763546
6014,2.785918103
6016,4.112658267
6025,3.035918103
6039,2.755334975
6040,2.612477832
6058,3.099026525
6059,3.339367241
6062,3.143038314
6093,3.326763546
6104,3.940612069
6155,3.274604526
6156,3.217606583
6157,2.565352709
6166,2.207940439
6184,3.826763546
6187,3.662485893
6188,3.494936782
6212,2.365260536
6213,2.828734482
6214,3.732278735
6218,3.297380112
6220,2.826763546
6238,2.940612069
6242,3.413381773
6249,2.755334975
6250,2.828734482
6252,2.755334975
6264,2.617031348
6266,3.117031348
6281,3.151066995
6283,3.816841079
6286,3.612477832
6287,3.075333644
6288,3.612477832
6290,2.878734482
6294,2.591953202
6296,3.66396146
6297,3.403797601
6299,3.440612069
6301,3.723418103
6303,3.526122257
6305,3.522103448
6308,2.898192118
6322,2.976371647
6323,3.631493793
6331,3.799209052
6332,3.112477832
6333,3.706168922
6337,3.398192118
6338,2.643038314
6339,3.612477832
6341,3.255334975
6350,3.973605364
6365,3.351387321
6367,2.98364191
6368,3.683906403
6370,3.723418103
6373,3.314693849
6375,3.683906403
6377,3.946439895
6378,3.601408787
6380,3.728734482
6383,2.69487931
6385,3.66396146
6440,3.899255578
6460,4.285918103
6461,3.643038314
6482,2.234810345
6484,3.028734482
6502,3.9391368
6503,2.459578161
6534,2.619092912
6535,2.591953202
6536,3.531927203
6537,3.058069684
6538,3.473418103
6539,3.768337795
6541,2.679638424
6548,2.939367241
6550,3.017959052
6552,3.552489655
6559,2.826763546
6564,2.739367241
6565,3.632730706
6586,3.12038657
6591,3.976371647
6593,3.214346105
6595,3.311020284
6615,2.565612069
6617,3.773945402
6618,3.739367241
6619,3.031927203
6620,3.751778325
6624,2.410918103
6625,2.826763546
6636,3.541049261
6639,3.378734482
6643,2.898192118
6645,3.628734482
6658,3.326763546
6659,3.409860254
6662,3.413381773
6663,3.348418103
6664,3.420816092
6666,3.910918103
6669,3.365260536
6686,2.910918103
6687,2.541049261
6695,2.469620689
6702,2.660918103
6707,2.980667711
6708,3.683441752
6709,3.22278499
6710,3.469620689
6711,4.003731751
6713,3.598418103
6721,3.328734482
6724,3.473418103
6731,3.526122257
6744,2.683906403
6753,3.452489655
6754,3.480204023
6755,3.311020284
6763,2.678734482
6764,3.164367241
6765,3.273945402
6773,3.651493793
6774,3.571576802
6777,3.473418103
6785,3.541049261
6786,3.612477832
6787,3.942911494
6791,3.973418103
6793,2.091953202
6794,2.160918103
6796,3.65654023
6807,3.902031275
6808,3.683906403
6810,2.785918103
6811,2.785918103
6820,3.754149425
6832,3.473418103
6852,3.469620689
6857,3.674209052
6863,3.395468766
6867,3.519156322
6868,3.378734482
6870,3.687042633
6872,2.041049261
6873,3.186406297
6874,3.946174215
6879,3.414367241
6880,2.278734482
6881,3.128734482
6887,3.785918103
6888,2.403797601
6890,3.482278735
6893,3.71441114
6932,3.428734482
6934,3.15594323
6936,3.661603448
6942,3.76269911
6944,3.455459052
6947,3.609931919
6951,2.535918103
6952,3.148945402
6953,3.295976601
6957,3.354736028
6958,2.675949602
6974,3.087482758
6975,3.223418103
6978,3.255334975
6979,3.303639368
6985,3.660918103
6987,3.678734482
6989,3.398192118
6993,3.674209052
6996,2.278734482
7000,3.112477832
7001,3.587482758
7004,2.939367241
7007,3.435213166
7008,4.035918103
7013,3.778734482
7018,3.660918103
7022,3.872343783
7026,2.755334975
7027,3.223418103
7028,3.478734482
7033,3.183906403
7034,3.662485893
7036,3.178734482
7044,3.598418103
7046,2.663381773
7048,3.326763546
7063,3.798849529
7064,3.254149425
7069,3.398192118
7076,3.707940439
7084,3.541049261
7090,3.872862069
7099,3.914897878
7101,3.087482758
7102,2.826763546
7115,2.848418103
7116,3.183906403
7117,2.660918103
7121,4.112477832
7123,3.398945402
7132,3.898945402
7137,3.48364191
7139,3.678734482
7143,3.873651459
7147,3.809546456
7149,3.589367241
7150,2.906718833
7151,3.352489655
7153,4.105251834
7154,2.906718833
7155,2.798849529
7156,4.111709052
7158,3.648945402
7160,3.489367241
7161,2.298849529
7162,3.285822988
7163,2.964367241
7164,3.143038314
7169,3.753394984
7173,3.066197956
7215,3.398192118
7228,2.826763546
7234,3.920816092
7235,3.365260536
7247,3.413381773
7254,3.607904996
7255,2.935213166
7256,3.798849529
7257,2.541049261
7258,2.969620689
7259,2.612477832
7263,3.329795756
7265,3.642959052
7285,3.523945402
7293,3.535746896
7294,3.255334975
7303,3.683906403
7316,2.755334975
7317,3.15485249
7318,2.736709052
7319,2.476371647
7320,3.348418103
7323,3.741820955
7324,3.306238916
7325,3.282806034
7327,3.587482758
7340,2.969620689
7346,3.142928036
7347,3.293741379
7360,3.804597096
7361,4.140204066
7362,3.255334975
7366,3.026122257
7367,2.693373225
7369,2.683906403
7371,3.925536731
7373,3.370166928
7375,3.128734482
7376,3.087482758
7379,3.420816092
7380,3.328734482
7381,3.178734482
7386,3.541049261
7387,3.882058471
7396,3.778734482
7419,3.628734482
7438,3.852100397
7439,3.458079107
7444,3.199472701
7445,3.599666969
7448,2.969620689
7450,2.969620689
7451,3.721127258
7454,2.76990166
7458,3.417398918
7460,3.476371647
7481,3.683906403
7482,3.892959052
7541,3.255334975
7569,3.719156322
7570,3.298849529
7573,3.162485893
7587,3.683906403
7624,2.920816092
7649,2.973418103
7669,3.482278735
7698,3.535918103
7700,3.285918103
7701,2.228734482
7706,3.755334975
7720,2.969620689
7748,3.612477832
7757,3.420816092
7762,3.469620689
7766,3.683906403
7802,3.753394984
7842,3.898192118
7845,2.910918103
7894,3.398192118
7934,3.778734482
7980,3.628734482
7981,4.065612069
7982,3.255334975
7983,3.848418103
8011,3.683906403
8014,4.022103448
8042,3.778734482
8128,3.785918103
8132,4.065612069
8154,3.587482758
8157,3.410918103
8169,3.278734482
8207,3.80970498
8228,3.564367241
8253,3.348418103
8254,3.920816092
8266,2.910918103
8340,3.628734482
8360,3.566182577
8361,3.062025374
8362,2.969620689
8364,3.326763546
8366,3.781608519
8368,3.893618175
8370,3.819156322
8371,3.299513262
8372,2.660918103
8373,2.452489655
8376,3.319683621
8387,1.723418103
8464,3.495987638
8493,3.143038314
8501,3.469620689
8507,3.190612069
8528,3.530651067
8529,3.315746896
8531,2.976371647
8533,3.543593776
8581,3.683906403
8604,3.223418103
8607,3.660918103
8614,3.087482758
8622,3.469683621
8623,3.27052463
8633,3.478734482
8636,3.78399201
8638,3.627074712
8640,3.017959052
8641,3.746455747
8643,3.273945402
8644,3.481052263
8645,3.753394984
8665,3.766504421
8666,1.815612069
8781,3.085822988
8783,3.199563615
8784,3.6821048
8796,3.160918103
8798,3.729517975
8807,3.440198509
8808,2.728734482
8810,2.889367241
8814,2.378734482
8827,3.723418103
8860,2.978734482
8861,2.987490872
8865,2.727968801
8866,3.148945402
8869,3.30970498
8870,2.785918103
8873,3.742911494
8874,3.97859181
8879,3.254149425
8880,3.378734482
8907,2.517959052
8908,3.531927203
8910,3.428639368
8914,3.714367241
8917,3.451066995
8937,3.480667711
8947,2.522103448
8949,3.709222496
8950,3.933837679
8951,3.112477832
8957,3.188537356
8958,3.626697492
8961,3.822557381
8965,3.163381773
8966,3.162485893
8967,2.398192118
8968,3.476371647
8969,3.055971514
8970,3.579638424
8972,3.263105971
8973,3.617031348
8977,2.445180371
8981,3.646702359
8983,3.492405172
8984,3.288855322
8985,2.928667343
9010,3.785918103
25771,3.969620689
25825,3.326763546
26084,3.660918103
26131,3.910918103
26133,3.754149425
26152,3.098418103
26242,3.223418103
26258,3.660918103
26322,3.183906403
26471,3.898192118
26614,3.357278735
26662,3.939367241
26680,3.598418103
26729,3.598418103
26776,3.781608519
26865,3.326763546
26903,3.598418103
27020,3.348418103
27156,3.910918103
27193,3.612477832
27266,3.828734482
27317,3.587482758
27397,3.826763546
27592,3.598418103
27604,3.183906403
27611,3.740333856
27660,3.642928036
27674,3.541049261
27706,3.170976601
27721,3.531927203
27731,3.617031348
27741,3.643038314
27772,2.80970498
27773,4.030651067
27788,3.071576802
27790,3.398192118
27801,3.852489655
27803,3.798849529
27808,3.341953202
27815,3.77052463
27821,3.254149425
27822,2.910918103
27831,3.740333856
27837,3.041049261
27839,2.660918103
27846,3.752872679
27878,3.612477832
27879,3.755334975
27882,3.683906403
27904,3.571493793
27912,3.285918103
30707,3.81431536
30749,3.760536173
30793,3.012302263
30810,3.469683621
30812,3.507561706
30816,3.185822988
30822,3.413381773
30825,3.119092912
30850,3.541049261
30894,2.707940439
31221,2.329795756
31225,3.128734482
31364,4.160918103
31410,3.795101949
31420,3.207940439
31427,2.643038314
31433,3.163381773
31658,4.018310345
31685,3.172653017
31696,3.454930127
31804,3.255334975
31878,3.535788401
32011,2.531927203
32017,2.878734482
32019,2.662485893
32029,3.099026525
32031,3.058515674
32289,3.326763546
32291,3.160918103
32296,2.526122257
32460,3.826763546
32584,3.183906403
32587,3.836636147
32596,3.128734482
32598,3.026122257
32657,3.826763546
32898,3.410918103
33004,3.410369039
33085,2.587482758
33145,3.087482758
33154,3.754149425
33158,2.473418103
33162,3.464367241
33164,2.30970498
33166,3.854478204
33437,3.398945402
33493,3.423300553
33495,2.828734482
33499,2.826763546
33615,3.367147554
33646,3.148945402
33660,3.964367241
33669,3.128734482
33672,3.078734482
33679,3.278828142
33794,3.846952478
33834,3.183906403
33836,2.455459052
33880,3.541049261
33903,3.723418103
34048,3.156364997
34072,3.513683087
34150,2.802239611
34162,3.49651385
34271,3.541049261
34319,3.346686612
34323,3.578734482
34332,3.031927203
34334,2.785918103
34336,2.541049261
34338,3.329795756
34405,3.901648016
34437,3.449472701
34520,2.319156322
34532,3.112477832
34534,3.478734482
34542,3.535918103
35836,3.536199283
35957,3.357278735
36401,2.708145427
36517,3.424209052
36519,3.225649728
36525,2.844304075
36527,3.478734482
36529,3.678614337
36535,3.648945402
36708,3.619156322
37240,3.398192118
37380,2.406718833
37382,2.980667711
37384,3.267959052
37386,2.824472701
37720,3.031927203
37727,2.949096059
37729,3.516752018
37731,3.607278735
37733,3.476244827
37739,3.285918103
37741,3.799513262
37830,3.48364191
37857,3.523945402
38038,3.59961651
38061,4.007561706
38304,4.041049261
38798,3.183906403
38886,3.398945402
39183,3.534793103
39231,3.398192118
39234,3.398192118
39292,3.708145427
39381,3.480667711
39400,2.535918103
39414,3.078734482
39427,3.112477832
39435,3.035918103
39444,3.357278735
39446,2.892959052
39449,2.848418103
39715,2.478734482
39869,3.755334975
40148,3.328734482
40278,3.614367241
40339,2.578734482
40414,3.535918103
40581,3.031927203
40583,3.488807622
40614,3.255334975
40629,3.526244827
40723,3.255334975
40732,3.484810345
40815,3.794423579
40819,3.721127258
40826,3.175949602
40851,3.326763546
40955,3.612477832
41285,3.414367241
41566,3.43518992
41569,3.390403368
41571,3.519156322
41573,2.980667711
41716,3.228734482
41863,3.723418103
41997,3.741139368
42002,3.357278735
42004,3.420816092
42009,2.469620689
42011,2.413381773
42013,2.969620689
42418,3.223418103
42632,3.723418103
42718,3.598418103
42723,2.949096059
42725,2.778734482
42728,3.473418103
42734,3.255334975
42738,3.12038657
43376,4.041049261
43396,3.628734482
43560,3.198593869
43679,2.940612069
43836,2.978734482
43871,2.88975862
43904,2.035918103
43917,3.112477832
43921,3.285918103
43928,2.174209052
43936,3.065612069
44004,3.254149425
44022,3.222590186
44191,3.866867425
44193,3.587482758
44195,3.968906278
44199,3.762496391
44204,3.255334975
44397,3.143038314
44555,4.048306617
44665,3.811886459
44694,3.662485893
44709,3.598418103
44761,3.752489655
44788,3.420816092
44828,3.098418103
44840,2.877667487
44864,3.255334975
44972,2.452489655
44974,3.452489655
45028,3.531927203
45081,3.019156322
45175,3.541049261
45186,3.557656285
45210,3.878734482
45221,2.80970498
45431,3.399255578
45440,3.30970498
45442,3.041049261
45447,3.130525862
45499,3.350678997
45501,2.734810345
45517,3.370166928
45662,2.660918103
45666,2.605137931
45668,3.137488063
45672,3.011051724
45720,3.534793103
45722,3.497164598
45726,2.531927203
45728,3.767959052
45730,2.940612069
45732,2.143038314
45880,3.205459052
45928,3.535918103
45950,3.517959052
46322,3.162485893
46335,2.341953202
46530,3.099548029
46578,3.85984181
46723,3.479039554
46948,3.148945402
46965,2.752196754
46967,3.326763546
46970,3.251204672
46972,3.241820955
46974,2.865260536
46976,3.665688188
47044,2.868257294
47099,3.760966221
47122,2.857278735
47200,3.399255578
47382,3.398192118
47423,3.723418103
47518,2.987490872
47610,3.745377061
47629,3.642959052
47640,3.420816092
47644,3.078734482
47810,1.969620689
47894,3.541049261
47950,3.223418103
47997,3.65654023
47999,3.828734482
48043,3.458079107
48082,3.734810345
48142,3.254149425
48304,3.558515674
48322,3.478734482
48385,3.342460953
48394,3.795087438
48412,3.112477832
48516,4.225339498
48520,2.976371647
48696,3.612477832
48738,3.882058471
48774,3.91473649
48780,3.981584353
48783,3.413381773
48877,3.091953202
48982,3.428734482
48997,3.253394984
49220,2.755334975
49272,3.920087438
49274,2.806238916
49278,3.295101949
49286,3.214346105
49396,3.398945402
49530,3.737274015
49649,2.519156322
49651,3.311020284
49772,3.683906403
49822,3.178734482
49824,3.160918103
49910,3.541049261
49932,3.531927203
49961,3.541049261
50068,3.639367241
50442,3.162485893
50601,2.898945402
50685,3.643038314
50794,3.137488063
50798,2.041049261
50872,3.843831264
50912,3.026122257
51037,3.112477832
51077,2.452489655
51080,3.480667711
51084,3.137488063
51086,2.987490872
51091,3.398192118
51255,3.965427263
51412,2.899255578
51540,3.677740118
51575,2.660918103
51662,3.666112588
51709,3.778734482
51834,3.031927203
51931,3.785918103
51935,3.795976601
51939,3.143038314
52241,3.254149425
52245,3.114367241
52281,3.409578161
52287,3.484810345
52319,3.478734482
52328,3.575726166
52435,3.52052463
52458,3.175949602
52604,3.585822988
52694,3.041049261
52722,3.016752018
52885,3.648945402
52952,3.798849529
52967,3.469620689
52973,3.632497179
52975,3.460408046
53000,3.553639368
53024,3.612477832
53121,3.053639368
53123,3.773945402
53125,3.428599065
53127,3.041049261
53129,3.778734482
53318,3.255334975
53322,3.466315134
53435,2.541049261
53460,3.428734482
53464,2.664667166
53468,3.278734482
53519,3.147839477
53894,3.634549696
53953,3.170976601
53956,3.255334975
53972,3.393924138
53993,2.674209052
53996,3.340174877
54001,3.832579423
54004,3.413381773
54190,3.877667487
54256,3.178734482
54259,3.575333644
54272,3.597700915
54281,3.410918103
54286,3.6819922
54503,3.832540428
54648,2.910918103
54736,3.662485893
54785,3.255334975
54881,3.785822988
54995,3.731493793
54997,3.974548029
54999,3.419156322
55052,3.486709052
55118,3.922152037
55167,4.041049261
55232,3.022103448
55245,3.255334975
55247,3.858803291
55253,3.541049261
55261,2.707940439
55267,3.357278735
55269,3.407806034
55276,3.814367241
55280,3.480667711
55282,3.199096059
55290,3.425536731
55363,3.906718833
55442,3.984810345
55577,3.223418103
55721,4.060564986
55765,3.857183621
55768,3.175949602
55814,3.785918103
55820,3.869960371
55830,3.368257294
55872,3.420816092
55908,3.935213166
55995,2.753394984
56145,3.399255578
56152,3.614367241
56156,3.278734482
56171,3.132730706
56174,3.473651459
56251,3.752872679
56339,3.707940439
56367,3.746872718
56563,3.255334975
56587,3.236709052
56715,3.754149425
56757,3.675374086
56775,3.066197956
56782,4.057656285
56788,3.344304075
56801,2.80970498
56805,3.285918103
56921,3.598418103
56941,3.127667487
56949,3.295101949
57274,3.844304075
57368,3.342911494
57504,3.906718833
57528,3.273945402
57640,3.727968801
57669,4.097439655
58025,3.037492611
58047,3.399255578
58103,3.365260536
58105,3.348418103
58154,3.628734482
58156,2.98364191
58162,3.078734482
58293,2.789367241
58295,3.549209052
58299,3.38975862
58301,3.898192118
58315,2.612477832
58347,3.398192118
58559,4.21899569
58803,3.680349754
58839,2.755334975
58998,3.73303202
59022,3.299209052
59126,3.598418103
59258,3.163381773
59315,3.807086029
59333,3.041049261
59369,3.595274329
59387,3.806238916
59421,2.88975862
59501,3.485822988
59615,2.863984401
59725,2.591953202
59784,3.434865699
59900,2.932630268
60037,3.098418103
60040,3.178614337
60069,4.035395746
60072,3.171493793
60074,3.055854526
60126,3.436176043
60161,3.420816092
60397,3.016902637
60487,3.598418103
60514,2.785918103
60684,3.941029235
60756,3.52539822
60760,3.041049261
60766,3.571576802
60937,2.828734482
60941,3.041049261
60950,3.12038657
61024,3.64080426
61132,3.480204023
61160,2.628734482
61236,3.098418103
61240,3.814367241
61248,3.232278735
61250,2.675949602
61323,3.471127258
61352,3.326763546
62081,3.117031348
62113,2.976371647
62155,3.329795756
62250,3.535918103
62293,3.398192118
62336,4.023945402
62374,3.663381773
62434,3.491139368
62511,3.183906403
62644,3.478734482
62849,3.674209052
62956,3.398945402
62999,3.611709052
63062,3.38975862
63072,3.732278735
63082,3.787666822
63113,3.441772232
63131,3.577710645
63433,3.398192118
63479,3.469620689
63540,2.612477832
63853,3.223418103
63859,3.370825944
63876,3.484810345
63992,2.511493793
64030,2.865260536
64034,3.365260536
64231,3.087482758
64285,3.535918103
64497,2.928734482
64575,3.328734482
64614,3.903823364
64620,3.773945402
64622,3.228734482
64716,3.949096059
64839,3.696955266
64957,3.569683621
64969,3.588847157
64983,3.377667487
65088,3.341953202
65130,3.535918103
65188,3.612477832
65216,3.728734482
65230,3.16396146
65261,3.841953202
65514,3.791334217
65585,3.398192118
65642,3.826763546
65682,3.528734482
65685,3.410918103
65802,2.878734482
66097,3.665456443
66203,2.913381773
66297,3.420816092
66371,3.785918103
66509,3.410918103
66665,3.398192118
66785,3.598418103
66934,3.843975734
67087,3.489367241
67197,2.940612069
67255,3.867405172
67267,3.326763546
67295,3.041049261
67408,3.253394984
67695,2.898192118
67734,3.321519157
67788,3.398192118
67923,3.252872679
67997,3.910918103
68073,3.348418103
68135,3.48364191
68157,4.10755324
68205,3.026122257
68237,3.908209852
68319,2.906460166
68358,3.835279755
68554,3.264367241
68659,2.980667711
68791,3.251778325
68793,3.137488063
68952,3.587482758
68954,3.984142082
69069,3.476371647
69122,3.617561327
69134,3.598418103
69275,3.826763546
69278,3.228734482
69306,3.198593869
69406,3.462491833
69436,2.928734482
69481,3.994252563
69526,2.534232384
69640,3.107278735
69644,2.72278499
69757,3.639718774
69784,3.560564986
69844,3.857169587
69951,3.725649728
70159,3.112477832
70183,3.585822988
70286,3.754225659
70293,3.019156322
70336,2.798849529
70565,3.469620689
70599,3.660918103
71033,3.678734482
71057,3.575726166
71106,3.473418103
71135,3.348418103
71156,3.357278735
71254,3.378734482
71264,3.489367241
71282,3.571576802
71379,3.348418103
71462,3.826763546
71464,3.234810345
71518,3.160918103
71520,2.643038314
71530,3.075726166
71535,3.844416872
71579,3.643038314
71745,2.785822988
71823,3.398192118
71838,3.117031348
71899,3.98364191
72011,3.679638424
72167,3.326763546
72226,3.966064039
72356,3.898192118
72378,2.699472701
72407,2.815612069
72605,3.410918103
72641,3.64080426
72733,3.678734482
72737,3.652489655
72998,3.592873448
73015,2.969620689
73017,3.824382702
73023,3.785918103
73266,3.098418103
73268,3.365260536
73319,2.723418103
73321,3.278281307
73323,3.848418103
73344,3.826763546
74154,2.826763546
74324,3.898192118
74458,3.989819212
74510,3.826763546
74530,2.628734482
74532,2.785918103
74545,3.628734482
74685,3.326763546
74789,2.912494994
74795,3.440612069
74868,3.098418103
74946,3.232278735
75805,2.920816092
75985,3.420816092
76077,3.293741379
76093,3.906916872
76175,2.486709052
76251,3.625811844
76293,3.306238916
77455,3.892959052
77561,3.495746896
77800,3.723418103
77866,3.198593869
78039,2.973418103
78088,3.398192118
78105,2.955459052
78209,3.48364191
78349,3.598418103
78467,2.469620689
78469,3.164367241
78499,4.065299049
78574,3.38975862
78637,3.478734482
78772,2.637488063
78893,2.365260536
79008,3.798849529
79057,3.291334217
79091,3.653349874
79132,4.049913321
79134,3.406718833
79139,3.406718833
79185,3.365260536
79224,2.707940439
79242,3.031927203
79293,3.015963601
79357,3.878734482
79428,3.278734482
79553,3.098418103
79592,3.261972701
79695,3.089367241
79702,3.676326486
80126,2.898192118
80166,2.865260536
80219,3.252489655
80363,3.178734482
80463,3.85478908
80489,3.871493793
80549,3.742911494
80693,3.207940439
80831,3.678734482
80860,3.087482758
80906,4.085822988
81156,3.698593869
81229,3.469014992
81417,3.535918103
81537,3.137488063
81562,3.751778325
81564,3.555971514
81591,3.606385441
81782,3.328734482
81784,2.865260536
81788,3.678734482
81834,3.945746896
81845,4.004710571
81847,3.843975734
81932,3.703359416
82167,2.928734482
82169,3.678734482
82202,2.878734482
82459,3.702817575
82461,3.240333856
82667,3.612477832
82852,2.30970498
82854,2.30970498
83132,3.398192118
83134,3.823206896
83349,3.056238916
83613,3.065612069
83803,3.785918103
84152,3.887495298
84374,2.987490872
84392,3.522103448
84601,3.30970498
84772,3.210408046
84944,3.564367241
84954,3.178639368
85020,3.326763546
85022,3.183906403
85056,3.160918103
85131,2.755334975
85342,4.028734482
85367,3.228734482
85401,3.035918103
85414,3.575333644
85510,3.152489655
85774,3.587482758
85780,3.476371647
85796,2.755334975
85881,3.587482758
86142,3.683906403
86190,3.306238916
86293,3.087482758
86298,3.162485893
86320,3.128734482
86332,3.494252563
86345,3.857278735
86347,3.278734482
86377,3.778734482
86504,3.910918103
86548,3.326763546
86644,3.099026525
86781,3.973418103
86833,3.699472701
86880,3.232864623
86882,3.528119458
86911,3.265963601
87192,3.420816092
87222,3.314367241
87232,3.756246627
87304,3.469620689
87306,3.553639368
87430,2.560564986
87483,2.910918103
87485,2.982278735
87520,2.556238916
87529,3.148945402
87867,2.969620689
87869,3.418049808
88125,3.873346129
88129,3.722495566
88140,3.522495566
88163,3.920216024
88235,3.469620689
88356,2.469620689
88405,3.077710645
88744,3.442911494
88785,2.945180371
88810,3.761972701
88812,2.865260536
89087,2.754149425
89118,3.112477832
89470,3.619156322
89492,3.82025327
89745,3.844268678
89753,3.662485893
89774,3.627667487
89804,3.232278735
89864,3.581242947
89904,3.877667487
90249,3.087482758
90345,3.398192118
90376,3.398192118
90405,3.369843813
90430,3.683906403
90439,3.628734482
90522,3.087482758
90531,3.541049261
90600,3.473418103
90647,3.480667711
90717,3.398192118
90746,3.452489655
90866,3.680349754
90890,2.660918103
91077,3.841953202
91094,2.752872679
91104,2.528734482
91128,3.476371647
91323,3.035918103
91485,3.445180371
91500,3.426093769
91529,3.965662593
91535,3.15654023
91542,3.726520605
91630,3.611493793
91653,3.285918103
91658,3.473052107
91974,3.598418103
91976,3.031927203
92259,4.044683621
92420,3.344304075
92507,3.326763546
92535,4.060564986
92938,2.223418103
93270,2.38975862
93272,3.160918103
93287,3.541049261
93326,2.77052463
93363,3.127667487
93443,3.255334975
93510,3.80301189
93721,3.785918103
93766,2.898192118
93831,2.898192118
93838,4.065612069
93840,3.931493793
94015,3.112477832
94070,3.612477832
94266,2.826763546
94478,2.754149425
94677,3.514367241
94777,3.275587849
94780,2.976371647
94864,3.292911494
94953,3.098418103
94959,3.727729526
95088,3.587482758
95105,3.357278735
95167,3.448101358
95207,2.920816092
95307,2.969620689
95441,3.282806034
95449,2.910918103
95510,3.251131661
95543,3.031927203
95558,3.328734482
95720,3.065612069
95858,3.660918103
95873,3.398192118
95875,3.207940439
96079,3.779006506
96110,3.398945402
96417,3.223418103
96432,3.469620689
96488,3.826763546
96588,3.577710645
96610,3.608209852
96728,3.698593869
96737,3.634549696
96811,3.698593869
96821,3.751623688
96829,4.060564986
96861,3.278734482
97225,3.377667487
97304,3.912494994
97306,3.432630268
97752,3.672152037
97836,2.778734482
97860,3.183906403
97913,3.691493793
97921,3.675374086
97923,3.440612069
97938,3.596686612
98124,3.728734482
98154,3.969620689
98203,2.469620689
98243,3.685822988
98491,4.071576802
98585,3.410918103
98809,3.774124298
98961,3.958079107
99007,3.458079107
99112,3.385822988
99114,3.9160452
99117,3.162485893
99149,3.428734482
99813,3.707940439
100163,3.035918103
100383,3.698593869
100390,3.041049261
100498,2.476371647
100507,3.469620689
101025,2.598418103
101112,3.143038314
101142,3.648945402
101362,2.980667711
101525,3.410918103
101577,2.826763546
101612,3.112477832
101864,3.295101949
101962,3.683906403
102033,3.223418103
102123,3.22278499
102125,3.536781281
102407,3.36031934
102445,3.642911494
102481,3.48364191
102686,3.344304075
102716,3.328734482
102903,3.391493793
102993,3.183906403
103042,3.291493793
103075,3.255334975
103141,3.778281307
103228,3.546314401
103235,3.723418103
103249,3.058515674
103253,3.304597096
103335,3.535788401
103339,3.031927203
103341,3.394635468
103372,3.365260536
103384,2.928734482
103596,2.469620689
103688,3.928734482
103772,3.357228675
103810,3.223418103
103980,3.326763546
104069,3.755334975
104076,2.469620689
104211,3.678639368
104218,3.348418103
104241,3.413381773
104243,3.285918103
104374,3.821519157
104841,3.551066995
104879,4.015123412
104913,3.699096059
105037,2.826763546
105197,3.755334975
105213,3.162485893
105504,3.949472701
105653,3.683906403
105844,3.567754991
105954,3.469620689
106002,3.409860254
106072,3.303639368
106100,3.864367241
106487,3.596115339
106489,3.545976601
106491,2.828734482
106540,3.041049261
106642,4.178734482
106696,3.587104526
106766,3.528734482
106782,3.88223412
106916,3.251965517
106918,3.903797601
106920,3.849548029
107141,3.571576802
107348,3.341953202
107406,3.407806034
108156,3.198593869
108190,3.037492611
108729,3.428734482
108928,2.865260536
108932,3.817274848
108945,2.643038314
109374,3.750678997
109483,2.898192118
109487,3.964307169
109578,3.255334975
109673,2.612477832
109846,3.255334975
110102,3.699627789
110127,2.973418103
110501,3.728734482
110553,2.77052463
110730,2.578734482
110771,3.031927203
111113,3.285822988
111360,2.899255578
111362,3.781434692
111364,2.736709052
111617,3.662485893
111659,2.830912885
111743,3.019156322
111759,3.931645635
111781,3.589367241
111921,3.357278735
112138,3.626697492
112171,3.273945402
112175,3.682630268
112183,3.337494649
112290,3.739367241
112370,2.469620689
112552,3.982618166
112556,3.682183621
112623,3.40485249
112788,2.848418103
112818,3.285918103
112852,4.01269911
112911,2.541049261
113348,2.969620689
113378,2.660918103
113453,3.160918103
113573,3.255334975
114180,2.988807622
114662,3.710408046
114795,3.398192118
114935,3.752872679
115149,3.790229526
115210,3.674209052
115569,4.037492611
115617,3.813348746
115713,3.847978865
116797,3.977119714
116799,3.531927203
116823,3.799513262
116897,4.022103448
117176,3.639367241
117529,3.261051724
117533,3.612477832
117590,3.556238916
117851,3.535918103
117881,3.598418103
117887,3.683906403
117895,2.30970498
118696,3.394635468
118900,3.035918103
118997,2.973418103
119141,3.419156322
119145,3.930444739
119155,3.420816092
120466,3.252872679
120635,2.910918103
120799,2.690612069
121231,3.755334975
122882,3.785746896
122886,3.813348746
122890,3.365260536
122892,3.492911494
122896,3.628734482
122898,2.754149425
122900,3.676244827
122902,2.535918103
122904,3.803286751
122906,3.627667487
122912,3.861709052
122916,3.925536731
122918,3.859578161
122920,3.571493793
122922,3.651493793
122924,3.105137931
122926,4.015123412
126548,3.254149425
127096,3.541049261
127098,3.898192118
127108,3.612477832
127198,3.476371647
127202,3.587482758
128360,3.680349754
128520,3.598418103
128620,3.660918103
128975,3.041049261
129354,3.252872679
130490,2.976371647
130520,3.253394984
130576,2.755334975
130634,2.920816092
131013,3.162485893
132046,2.728734482
132157,2.969620689
132796,2.469620689
133419,3.398945402
133771,3.778734482
134130,3.956614604
134170,3.578734482
134214,3.398192118
134368,3.62038657
134393,3.21441114
134853,3.777985757
135133,3.599026525
135137,2.80970498
135143,3.605137931
135436,3.128734482
135536,2.985822988
135567,2.755334975
135569,3.432630268
135861,2.898945402
135887,3.182630268
136016,3.112477832
136020,3.089367241
136562,3.587482758
136598,3.365260536
136864,2.488807622
137337,3.398192118
137857,3.556238916
138036,3.442254515
138210,3.285918103
139385,3.846686612
139642,2.976371647
139644,3.484810345
140110,3.580459052
140174,3.480667711
140247,3.255334975
140359,3.683906403
140711,2.865260536
140715,3.928734482
140928,3.223418103
140956,3.398192118
142222,3.183906403
142422,3.826763546
142448,3.143038314
142488,4.035788401
142997,3.041049261
143355,3.299209052
143385,3.38975862
143859,2.935213166
146656,3.617031348
147378,3.112477832
147380,3.041049261
147384,3.683906403
148626,3.889218787
148956,3.183906403
149352,2.865260536
149354,2.728734482
149406,3.344304075
150548,3.71441114
151739,3.041049261
152077,3.605137931
152081,3.836781281
152091,3.183906403
152970,3.898192118
156609,2.848418103
157296,3.517959052
157699,3.643038314
158238,3.738185824
158813,2.541049261
158872,3.528734482
158966,4.035918103
159093,3.556238916
159817,3.928734482
160080,3.162485893
160271,3.469620689
160438,2.857278735
160563,3.143038314
160954,2.898192118
160980,3.198593869
161131,3.526122257
161582,3.480667711
161634,3.285918103
162350,3.476371647
162578,3.754149425
162606,3.087482758
163645,3.753394984
164179,3.906460166
164909,3.357278735
165101,3.041049261
165549,3.035918103
166461,3.406718833
166528,3.859578161
166534,3.30970498
166635,3.531927203
166643,3.675949602
167018,3.183906403
167036,3.541049261
167746,3.578734482
168248,3.878734482
168250,3.571519157
168252,4.170976601
168254,3.183906403
168266,3.541049261
168326,3.683906403
168418,3.598418103
168492,3.541049261
169984,2.973418103
170697,3.755334975
170705,3.978734482
171011,3.848418103
171763,4.065612069
173145,3.041049261
173291,3.041049261
174053,4.112477832
174055,3.392959052
175303,3.315612069
175569,3.348418103
176101,3.117031348
176371,3.727968801
177593,4.344304075
177765,3.486709052
179401,3.531927203
179819,3.152489655
180031,3.571576802
180985,3.098418103
182823,3.041049261
183897,3.410918103
184471,2.826763546
185029,2.969620689
187541,3.112477832
187593,3.752489655
187595,3.660918103
